{
	"id" : 84,
	"niche_breadth" : [[11147, 27147], [0, 179125]],
	"dispersal_ability" : [0.728904942,0.948446891,0.997433321,0.9998722120000001,0.9999936370000001,0.9999996824100001,0.9999999833930001,0.9999999983781002,0.9999999991241622,0.9999999991613064],
	"dispersal_speed" : 100,
	"dispersal_method" : 2,
	"number_of_path" : -1,
	"speciation_years" : 10000,
	"species_extinction_threshold" : 0.05,
	"group_extinction_threshold" : 0,
	"initial_seeds" : [[-44.800000, -19.298611]]
}
